{"test/avg_reward":-398,"test/success_rate":0,"train/success":0,"train/steps":100,"_timestamp":1.7663979408848052e+09,"test/avg_steps":100,"_runtime":7.562938915,"_wandb":{"runtime":7},"_step":1000,"episode":1000,"train/reward":-398,"train/epsilon":0.606454822840097}