{"test/success_rate":1,"test/avg_reward":193.8,"episode":5000,"train/steps":4,"test/avg_steps":6.9,"_runtime":20.899256576,"train/reward":196,"_wandb":{"runtime":20},"train/epsilon":0.0820336944319021,"_step":5000,"train/success":1,"_timestamp":1.766401582181952e+09}