{"_step":32,"episode":32,"train/steps":100,"train/epsilon":0.9904445063707882,"_runtime":2.527085677,"train/reward":-322,"train/success":0,"_timestamp":1.7664002913557594e+09,"_wandb":{"runtime":2}}