{"test/success_rate":0,"train/reward":-368,"train/epsilon":0.606454822840097,"_timestamp":1.766397921032809e+09,"test/avg_steps":100,"_wandb":{"runtime":6},"_step":1000,"_runtime":6.757595045,"episode":1000,"test/avg_reward":-320,"train/steps":100,"train/success":0}