{"test/avg_reward":-306,"_step":5000,"_wandb":{"runtime":37},"train/steps":100,"_timestamp":1.7663984713923557e+09,"train/reward":-308,"train/epsilon":0.22307995146913462,"episode":5000,"test/success_rate":0,"_runtime":37.869525391,"train/success":0,"test/avg_steps":100}