{"_runtime":19.305970115,"_wandb":{"runtime":19},"test/success_rate":0,"train/epsilon":0.5860324233232872,"test/avg_steps":100,"_timestamp":1.766399477167119e+09,"train/success":0,"_step":1781,"train/reward":-278,"train/steps":100,"episode":1781,"test/avg_reward":-312.6}