{"train/reward":-246,"train/success":0,"_wandb":{"runtime":37},"train/steps":100,"_timestamp":1.7664003408639858e+09,"_step":5000,"train/epsilon":0.22307995146913462,"test/avg_steps":100,"test/success_rate":0,"_runtime":37.741959287,"test/avg_reward":-321.2,"episode":5000}