{"test/avg_reward":196.2,"test/avg_steps":4.4,"_wandb":{"runtime":20},"_timestamp":1.7664008833250432e+09,"train/steps":5,"train/epsilon":0.0820336944319021,"train/success":1,"test/success_rate":1,"episode":5000,"train/reward":194,"_runtime":20.543111151,"_step":5000}