{"test/avg_reward":-397,"train/steps":100,"train/success":0,"_timestamp":1.7664018133699284e+09,"test/success_rate":0,"train/epsilon":0.0820336944319021,"_step":5000,"_wandb":{"runtime":41},"_runtime":41.248166881,"train/reward":-392,"test/avg_steps":100,"episode":5000}